dimension,case,mode,mode_key,cycle,mg_coarse,omega,nu,solver,grid_size,cells,cpu_backend,cpu_omp_num_threads,cpu_iterations,cpu_residual_l2,cpu_error_l2,cpu_error_linf,cpu_time_ms,cpu_time_s,cpu_time_per_cell_us,cpu_throughput_cells_per_s,cpu_converged,omp_best_backend,omp_best_omp_num_threads,omp_best_iterations,omp_best_residual_l2,omp_best_error_l2,omp_best_error_linf,omp_best_time_ms,omp_best_time_s,omp_best_time_per_cell_us,omp_best_throughput_cells_per_s,omp_best_converged,cuda_backend,cuda_iterations,cuda_residual_l2,cuda_error_l2,cuda_error_linf,cuda_time_ms,cuda_time_s,cuda_time_per_cell_us,cuda_throughput_cells_per_s,cuda_converged,omp_speedup_vs_cpu,cuda_speedup_vs_cpu,cuda_speedup_vs_omp_best,tol,max_iter,repeat_runs,source
2,cosine,MG V exact,mg_v_exact,v,exact,1.25,3,mg,127,16129,omp,1,6,2.836564e-10,4.654896e-06,9.044184e-06,8.900000e-01,8.900000e-04,5.518011e-02,1.812247e+07,true,omp,4,6,2.836564e-10,4.654896e-06,9.044184e-06,7.320000e-01,7.320000e-04,4.538409e-02,2.203415e+07,true,cuda,6,2.836440e-10,4.654896e-06,9.044184e-06,9.820000e-01,9.820000e-04,6.088412e-02,1.642464e+07,true,1.215847e+00,9.063136e-01,7.454175e-01,1.000000e-09,150,5,derived
2,cosine,MG V exact,mg_v_exact,v,exact,1.25,3,mg,255,65025,omp,1,7,1.562418e-11,1.163837e-06,2.262062e-06,4.052000e+00,4.052000e-03,6.231449e-02,1.604763e+07,true,omp,6,7,1.562418e-11,1.163837e-06,2.262062e-06,1.845000e+00,1.845000e-03,2.837370e-02,3.524390e+07,true,cuda,7,1.565705e-11,1.163837e-06,2.262062e-06,1.352000e+00,1.352000e-03,2.079200e-02,4.809541e+07,true,2.196206e+00,2.997041e+00,1.364645e+00,1.000000e-09,150,5,derived
2,cosine,MG V exact,mg_v_exact,v,exact,1.25,3,mg,511,261121,omp,1,7,5.340446e-11,2.909662e-07,5.655295e-07,1.665300e+01,1.665300e-02,6.377503e-02,1.568012e+07,true,omp,8,7,5.340446e-11,2.909662e-07,5.655295e-07,5.528000e+00,5.528000e-03,2.117026e-02,4.723607e+07,true,cuda,7,5.336785e-11,2.909662e-07,5.655295e-07,2.504000e+00,2.504000e-03,9.589424e-03,1.042815e+08,true,3.012482e+00,6.650559e+00,2.207668e+00,1.000000e-09,150,5,derived
2,cosine,MG V exact,mg_v_exact,v,exact,1.25,3,mg,1023,1046529,omp,1,7,1.646085e-10,7.274198e-08,1.413846e-07,8.581800e+01,8.581800e-02,8.200251e-02,1.219475e+07,true,omp,6,7,1.646085e-10,7.274198e-08,1.413846e-07,2.003700e+01,2.003700e-02,1.914615e-02,5.222982e+07,true,cuda,7,1.645287e-10,7.274200e-08,1.413846e-07,6.256000e+00,6.256000e-03,5.977856e-03,1.672840e+08,true,4.282976e+00,1.371771e+01,3.202845e+00,1.000000e-09,150,5,derived
2,cosine,MG V exact,mg_v_exact,v,exact,1.25,3,mg,2047,4190209,omp,1,7,4.872708e-10,1.818550e-08,3.534621e-08,5.319890e+02,5.319890e-01,1.269600e-01,7.876496e+06,true,omp,6,7,4.872708e-10,1.818550e-08,3.534621e-08,2.230900e+02,2.230900e-01,5.324078e-02,1.878259e+07,true,cuda,7,4.872604e-10,1.818553e-08,3.534634e-08,2.353500e+01,2.353500e-02,5.616665e-03,1.780416e+08,true,2.384638e+00,2.260416e+01,9.479074e+00,1.000000e-09,150,5,derived
2,cosine,MG V exact,mg_v_exact,v,exact,1.25,3,mg,4095,16769025,omp,1,8,3.896009e-10,4.546405e-09,8.836565e-09,2.684443e+03,2.684443e+00,1.600834e-01,6.246743e+06,true,omp,8,8,3.896009e-10,4.546405e-09,8.836565e-09,1.441262e+03,1.441262e+00,8.594787e-02,1.163496e+07,true,cuda,8,3.862726e-10,4.546387e-09,8.836614e-09,1.503920e+02,1.503920e-01,8.968440e-03,1.115021e+08,true,1.862564e+00,1.784964e+01,9.583369e+00,1.000000e-09,150,5,derived
2,sine,MG V exact,mg_v_exact,v,exact,1.25,3,mg,127,16129,omp,1,4,1.980995e-10,2.510045e-05,5.020090e-05,6.170000e-01,6.170000e-04,3.825408e-02,2.614100e+07,true,omp,4,4,1.980995e-10,2.510045e-05,5.020090e-05,5.100000e-01,5.100000e-04,3.162006e-02,3.162549e+07,true,cuda,4,1.963370e-10,2.510045e-05,5.020090e-05,7.220000e-01,7.220000e-04,4.476409e-02,2.233934e+07,true,1.209804e+00,8.545706e-01,7.063712e-01,1.000000e-09,150,5,derived
2,sine,MG V exact,mg_v_exact,v,exact,1.25,3,mg,255,65025,omp,1,4,2.403329e-10,6.274967e-06,1.254993e-05,2.323000e+00,2.323000e-03,3.572472e-02,2.799182e+07,true,omp,6,4,2.403329e-10,6.274967e-06,1.254993e-05,1.212000e+00,1.212000e-03,1.863899e-02,5.365099e+07,true,cuda,4,2.387709e-10,6.274967e-06,1.254993e-05,1.079000e+00,1.079000e-03,1.659362e-02,6.026413e+07,true,1.916667e+00,2.152919e+00,1.123262e+00,1.000000e-09,150,5,derived
2,sine,MG V exact,mg_v_exact,v,exact,1.25,3,mg,511,261121,omp,1,4,2.615459e-10,1.568728e-06,3.137453e-06,9.867000e+00,9.867000e-03,3.778708e-02,2.646407e+07,true,omp,6,4,2.615459e-10,1.568728e-06,3.137453e-06,3.370000e+00,3.370000e-03,1.290589e-02,7.748398e+07,true,cuda,4,2.600678e-10,1.568728e-06,3.137453e-06,1.990000e+00,1.990000e-03,7.620988e-03,1.312166e+08,true,2.927893e+00,4.958291e+00,1.693467e+00,1.000000e-09,150,5,derived
2,sine,MG V exact,mg_v_exact,v,exact,1.25,3,mg,1023,1046529,omp,1,4,2.727351e-10,3.921770e-07,7.843500e-07,4.547900e+01,4.547900e-02,4.345699e-02,2.301126e+07,true,omp,6,4,2.727351e-10,3.921770e-07,7.843500e-07,1.348700e+01,1.348700e-02,1.288736e-02,7.759539e+07,true,cuda,4,2.713145e-10,3.921770e-07,7.843501e-07,5.996000e+00,5.996000e-03,5.729416e-03,1.745379e+08,true,3.372062e+00,7.584890e+00,2.249333e+00,1.000000e-09,150,5,derived
2,sine,MG V exact,mg_v_exact,v,exact,1.25,3,mg,2047,4190209,omp,1,4,2.986698e-10,9.803965e-08,1.960754e-07,3.178770e+02,3.178770e-01,7.586185e-02,1.318186e+07,true,omp,16,4,2.986698e-10,9.803965e-08,1.960754e-07,1.355520e+02,1.355520e-01,3.234970e-02,3.091219e+07,true,cuda,4,2.974561e-10,9.803966e-08,1.960755e-07,2.001100e+01,2.001100e-02,4.775657e-03,2.093953e+08,true,2.345056e+00,1.588511e+01,6.773874e+00,1.000000e-09,150,5,derived
2,sine,MG V exact,mg_v_exact,v,exact,1.25,3,mg,4095,16769025,omp,1,4,5.092777e-10,2.450541e-08,4.900693e-08,1.371954e+03,1.371954e+00,8.181477e-02,1.222273e+07,true,omp,8,4,5.092777e-10,2.450541e-08,4.900693e-08,7.395780e+02,7.395780e-01,4.410382e-02,2.267377e+07,true,cuda,4,5.079855e-10,2.450536e-08,4.900689e-08,1.011280e+02,1.011280e-01,6.030643e-03,1.658198e+08,true,1.855050e+00,1.356651e+01,7.313286e+00,1.000000e-09,150,5,derived
3,cosine,MG V exact,mg_v_exact,v,exact,1.25,3,mg,31,29791,omp,1,6,4.450806e-10,4.638967e-05,1.265026e-04,2.434000e+00,2.434000e-03,8.170253e-02,1.223952e+07,true,omp,8,6,4.450806e-10,4.638967e-05,1.265026e-04,1.025000e+00,1.025000e-03,3.440636e-02,2.906439e+07,true,cuda,6,4.450800e-10,4.638967e-05,1.265026e-04,3.132000e+00,3.132000e-03,1.051324e-01,9.511814e+06,true,2.374634e+00,7.771392e-01,3.272669e-01,1.000000e-09,150,5,derived
3,cosine,MG V exact,mg_v_exact,v,exact,1.25,3,mg,63,250047,omp,1,7,2.447558e-11,1.164109e-05,3.174501e-05,2.225400e+01,2.225400e-02,8.899927e-02,1.123605e+07,true,omp,6,7,2.447558e-11,1.164109e-05,3.174501e-05,7.272000e+00,7.272000e-03,2.908253e-02,3.438490e+07,true,cuda,7,2.447539e-11,1.164109e-05,3.174501e-05,4.790000e+00,4.790000e-03,1.915640e-02,5.220188e+07,true,3.060231e+00,4.645929e+00,1.518163e+00,1.000000e-09,150,5,derived
3,cosine,MG V exact,mg_v_exact,v,exact,1.25,3,mg,127,2048383,omp,1,7,3.296255e-11,2.912975e-06,7.951025e-06,2.296500e+02,2.296500e-01,1.121128e-01,8.919586e+06,true,omp,8,7,3.296255e-11,2.912975e-06,7.951025e-06,5.602700e+01,5.602700e-02,2.735182e-02,3.656064e+07,true,cuda,7,3.295882e-11,2.912975e-06,7.951025e-06,1.480400e+01,1.480400e-02,7.227164e-03,1.383669e+08,true,4.098917e+00,1.551270e+01,3.784585e+00,1.000000e-09,150,5,derived
3,cosine,MG V exact,mg_v_exact,v,exact,1.25,3,mg,255,16581375,omp,1,7,3.916798e-11,7.284113e-07,1.988774e-06,2.282067e+03,2.282067e+00,1.376283e-01,7.265946e+06,true,omp,6,7,3.916798e-11,7.284113e-07,1.988774e-06,1.041384e+03,1.041384e+00,6.280444e-02,1.592244e+07,true,cuda,7,3.917058e-11,7.284113e-07,1.988774e-06,1.343440e+02,1.343440e-01,8.102103e-03,1.234248e+08,true,2.191379e+00,1.698674e+01,7.751623e+00,1.000000e-09,150,5,derived
3,sine,MG V exact,mg_v_exact,v,exact,1.25,3,mg,31,29791,omp,1,6,3.866365e-10,2.841075e-04,8.035775e-04,2.462000e+00,2.462000e-03,8.264241e-02,1.210032e+07,true,omp,6,6,3.866365e-10,2.841075e-04,8.035775e-04,1.013000e+00,1.013000e-03,3.400356e-02,2.940869e+07,true,cuda,6,3.866394e-10,2.841075e-04,8.035775e-04,2.974000e+00,2.974000e-03,9.982881e-02,1.001715e+07,true,2.430405e+00,8.278413e-01,3.406187e-01,1.000000e-09,150,5,derived
3,sine,MG V exact,mg_v_exact,v,exact,1.25,3,mg,63,250047,omp,1,6,4.725820e-10,7.100115e-05,2.008216e-04,1.909800e+01,1.909800e-02,7.637764e-02,1.309284e+07,true,omp,6,6,4.725820e-10,7.100115e-05,2.008216e-04,6.043000e+00,6.043000e-03,2.416746e-02,4.137796e+07,true,cuda,6,4.725824e-10,7.100115e-05,2.008216e-04,4.170000e+00,4.170000e-03,1.667686e-02,5.996331e+07,true,3.160351e+00,4.579856e+00,1.449161e+00,1.000000e-09,150,5,derived
3,sine,MG V exact,mg_v_exact,v,exact,1.25,3,mg,127,2048383,omp,1,6,4.964209e-10,1.774862e-05,5.020067e-05,2.009120e+02,2.009120e-01,9.808322e-02,1.019542e+07,true,omp,8,6,4.964209e-10,1.774862e-05,5.020067e-05,5.137400e+01,5.137400e-02,2.508027e-02,3.987198e+07,true,cuda,6,4.964220e-10,1.774862e-05,5.020067e-05,1.233300e+01,1.233300e-02,6.020847e-03,1.660896e+08,true,3.910772e+00,1.629060e+01,4.165572e+00,1.000000e-09,150,5,derived
3,sine,MG V exact,mg_v_exact,v,exact,1.25,3,mg,255,16581375,omp,1,6,5.019083e-10,4.436989e-06,1.254970e-05,1.976211e+03,1.976211e+00,1.191826e-01,8.390488e+06,true,omp,12,6,5.019083e-10,4.436989e-06,1.254970e-05,9.548750e+02,9.548750e-01,5.758720e-02,1.736497e+07,true,cuda,6,5.019013e-10,4.436989e-06,1.254970e-05,1.221700e+02,1.221700e-01,7.367905e-03,1.357238e+08,true,2.069602e+00,1.617591e+01,7.815953e+00,1.000000e-09,150,5,derived
