dimension,case,mode,mode_key,cycle,coarse,omega,solver,backend,dtype,grid_size,iterations,residual_l2,error_l2,error_linf,time_ms,time_ms_including_graph,time_s,time_s_including_graph,tol,max_iter,nu,converged
3,sine,V-exact,v_exact,v,exact,1.00,mg_exact,cuda,double,127,10,2.223539e-10,1.774865e-05,5.020076e-05,1.926800e+01,2.450600e+01,1.926800e-02,2.450600e-02,1.000000e-09,15,2,true
3,sine,V-exact,v_exact,v,exact,1.05,mg_exact,cuda,double,127,9,8.006508e-10,1.774851e-05,5.020038e-05,1.795000e+01,2.037500e+01,1.795000e-02,2.037500e-02,1.000000e-09,15,2,true
3,sine,V-exact,v_exact,v,exact,1.10,mg_exact,cuda,double,127,9,2.411705e-10,1.774865e-05,5.020076e-05,1.822300e+01,2.723300e+01,1.822300e-02,2.723300e-02,1.000000e-09,15,2,true
3,sine,V-exact,v_exact,v,exact,1.15,mg_exact,cuda,double,127,8,7.659901e-10,1.774855e-05,5.020048e-05,1.704000e+01,2.172000e+01,1.704000e-02,2.172000e-02,1.000000e-09,15,2,true
3,sine,V-exact,v_exact,v,exact,1.20,mg_exact,cuda,double,127,8,1.212070e-10,1.774868e-05,5.020086e-05,1.684500e+01,3.194300e+01,1.684500e-02,3.194300e-02,1.000000e-09,15,2,true
3,sine,V-exact,v_exact,v,exact,1.25,mg_exact,cuda,double,127,7,2.098612e-10,1.774868e-05,5.020084e-05,1.509800e+01,1.959700e+01,1.509800e-02,1.959700e-02,1.000000e-09,15,2,true
3,sine,V-exact,v_exact,v,exact,1.30,mg_exact,cuda,double,127,6,1.184613e-10,1.774870e-05,5.020089e-05,1.506200e+01,1.744100e+01,1.506200e-02,1.744100e-02,1.000000e-09,15,2,true
3,sine,V-exact,v_exact,v,exact,1.35,mg_exact,cuda,double,127,6,9.953582e-10,1.774870e-05,5.020091e-05,1.381400e+01,1.594300e+01,1.381400e-02,1.594300e-02,1.000000e-09,15,2,true
3,sine,V-exact,v_exact,v,exact,1.40,mg_exact,cuda,double,127,8,4.846707e-11,1.774870e-05,5.020091e-05,1.666900e+01,3.582300e+01,1.666900e-02,3.582300e-02,1.000000e-09,15,2,true
3,sine,V-exact,v_exact,v,exact,1.45,mg_exact,cuda,double,127,9,9.647006e-11,1.774871e-05,5.020092e-05,1.824000e+01,2.030700e+01,1.824000e-02,2.030700e-02,1.000000e-09,15,2,true
3,sine,V-exact,v_exact,v,exact,1.50,mg_exact,cuda,double,127,10,2.674648e-10,1.774869e-05,5.020088e-05,1.978700e+01,2.200200e+01,1.978700e-02,2.200200e-02,1.000000e-09,15,2,true
3,sine,V-SOR,v_sor,v,sor,1.00,mg_sor,cuda,double,127,10,2.225001e-10,1.774865e-05,5.020076e-05,1.632600e+01,1.917800e+01,1.632600e-02,1.917800e-02,1.000000e-09,15,2,true
3,sine,V-SOR,v_sor,v,sor,1.05,mg_sor,cuda,double,127,9,8.007344e-10,1.774851e-05,5.020038e-05,1.428300e+01,1.665200e+01,1.428300e-02,1.665200e-02,1.000000e-09,15,2,true
3,sine,V-SOR,v_sor,v,sor,1.10,mg_sor,cuda,double,127,9,2.411709e-10,1.774865e-05,5.020076e-05,1.421700e+01,1.909200e+01,1.421700e-02,1.909200e-02,1.000000e-09,15,2,true
3,sine,V-SOR,v_sor,v,sor,1.15,mg_sor,cuda,double,127,8,7.659896e-10,1.774855e-05,5.020048e-05,1.351500e+01,2.048200e+01,1.351500e-02,2.048200e-02,1.000000e-09,15,2,true
3,sine,V-SOR,v_sor,v,sor,1.20,mg_sor,cuda,double,127,8,1.212058e-10,1.774868e-05,5.020086e-05,1.369600e+01,1.784700e+01,1.369600e-02,1.784700e-02,1.000000e-09,15,2,true
3,sine,V-SOR,v_sor,v,sor,1.25,mg_sor,cuda,double,127,7,2.098600e-10,1.774868e-05,5.020084e-05,1.209600e+01,1.757400e+01,1.209600e-02,1.757400e-02,1.000000e-09,15,2,true
3,sine,V-SOR,v_sor,v,sor,1.30,mg_sor,cuda,double,127,6,1.184595e-10,1.774870e-05,5.020089e-05,1.258600e+01,1.929700e+01,1.258600e-02,1.929700e-02,1.000000e-09,15,2,true
3,sine,V-SOR,v_sor,v,sor,1.35,mg_sor,cuda,double,127,6,9.953606e-10,1.774870e-05,5.020091e-05,1.195600e+01,1.790100e+01,1.195600e-02,1.790100e-02,1.000000e-09,15,2,true
3,sine,V-SOR,v_sor,v,sor,1.40,mg_sor,cuda,double,127,8,4.846720e-11,1.774870e-05,5.020091e-05,1.359000e+01,1.566300e+01,1.359000e-02,1.566300e-02,1.000000e-09,15,2,true
3,sine,V-SOR,v_sor,v,sor,1.45,mg_sor,cuda,double,127,9,9.647267e-11,1.774871e-05,5.020092e-05,1.499900e+01,1.938100e+01,1.499900e-02,1.938100e-02,1.000000e-09,15,2,true
3,sine,V-SOR,v_sor,v,sor,1.50,mg_sor,cuda,double,127,10,2.675016e-10,1.774869e-05,5.020088e-05,1.513300e+01,2.104100e+01,1.513300e-02,2.104100e-02,1.000000e-09,15,2,true
3,sine,W-exact,w_exact,w,exact,1.00,mg_exact,cuda,double,127,4,1.073721e-10,1.774870e-05,5.020092e-05,6.812800e+01,7.538000e+01,6.812800e-02,7.538000e-02,1.000000e-09,15,2,true
3,sine,W-exact,w_exact,w,exact,1.05,mg_exact,cuda,double,127,4,1.432357e-12,1.774870e-05,5.020092e-05,6.628000e+01,6.929900e+01,6.628000e-02,6.929900e-02,1.000000e-09,15,2,true
3,sine,W-exact,w_exact,w,exact,1.10,mg_exact,cuda,double,127,4,4.096064e-12,1.774870e-05,5.020092e-05,6.734200e+01,7.557400e+01,6.734200e-02,7.557400e-02,1.000000e-09,15,2,true
3,sine,W-exact,w_exact,w,exact,1.15,mg_exact,cuda,double,127,3,9.272063e-10,1.774867e-05,5.020083e-05,5.177100e+01,5.838300e+01,5.177100e-02,5.838300e-02,1.000000e-09,15,2,true
3,sine,W-exact,w_exact,w,exact,1.20,mg_exact,cuda,double,127,4,7.702623e-11,1.774870e-05,5.020092e-05,6.702500e+01,7.093400e+01,6.702500e-02,7.093400e-02,1.000000e-09,15,2,true
3,sine,W-exact,w_exact,w,exact,1.25,mg_exact,cuda,double,127,5,9.002615e-12,1.774870e-05,5.020092e-05,8.225000e+01,8.796400e+01,8.225000e-02,8.796400e-02,1.000000e-09,15,2,true
3,sine,W-exact,w_exact,w,exact,1.30,mg_exact,cuda,double,127,5,3.857908e-10,1.774870e-05,5.020092e-05,7.637200e+01,8.305800e+01,7.637200e-02,8.305800e-02,1.000000e-09,15,2,true
3,sine,W-exact,w_exact,w,exact,1.35,mg_exact,cuda,double,127,6,8.679999e-11,1.774870e-05,5.020092e-05,8.808100e+01,9.109700e+01,8.808100e-02,9.109700e-02,1.000000e-09,15,2,true
3,sine,W-exact,w_exact,w,exact,1.40,mg_exact,cuda,double,127,7,2.951696e-11,1.774870e-05,5.020092e-05,1.013020e+02,1.049920e+02,1.013020e-01,1.049920e-01,1.000000e-09,15,2,true
3,sine,W-exact,w_exact,w,exact,1.45,mg_exact,cuda,double,127,7,5.186729e-10,1.774870e-05,5.020092e-05,1.036610e+02,1.119660e+02,1.036610e-01,1.119660e-01,1.000000e-09,15,2,true
3,sine,W-exact,w_exact,w,exact,1.50,mg_exact,cuda,double,127,8,6.292773e-10,1.774870e-05,5.020092e-05,1.197100e+02,1.291360e+02,1.197100e-01,1.291360e-01,1.000000e-09,15,2,true
3,sine,W-SOR,w_sor,w,sor,1.00,mg_sor,cuda,double,127,4,1.073724e-10,1.774870e-05,5.020092e-05,1.310300e+01,1.746700e+01,1.310300e-02,1.746700e-02,1.000000e-09,15,2,true
3,sine,W-SOR,w_sor,w,sor,1.05,mg_sor,cuda,double,127,4,1.433886e-12,1.774870e-05,5.020092e-05,1.296000e+01,1.898200e+01,1.296000e-02,1.898200e-02,1.000000e-09,15,2,true
3,sine,W-SOR,w_sor,w,sor,1.10,mg_sor,cuda,double,127,4,4.095994e-12,1.774870e-05,5.020092e-05,1.289100e+01,1.788900e+01,1.289100e-02,1.788900e-02,1.000000e-09,15,2,true
3,sine,W-SOR,w_sor,w,sor,1.15,mg_sor,cuda,double,127,3,9.272060e-10,1.774867e-05,5.020083e-05,1.356400e+01,1.785700e+01,1.356400e-02,1.785700e-02,1.000000e-09,15,2,true
3,sine,W-SOR,w_sor,w,sor,1.20,mg_sor,cuda,double,127,4,7.702422e-11,1.774870e-05,5.020092e-05,1.355500e+01,1.838700e+01,1.355500e-02,1.838700e-02,1.000000e-09,15,2,true
3,sine,W-SOR,w_sor,w,sor,1.25,mg_sor,cuda,double,127,5,9.002275e-12,1.774870e-05,5.020092e-05,1.599500e+01,1.898000e+01,1.599500e-02,1.898000e-02,1.000000e-09,15,2,true
3,sine,W-SOR,w_sor,w,sor,1.30,mg_sor,cuda,double,127,5,3.857926e-10,1.774870e-05,5.020092e-05,1.537500e+01,2.049800e+01,1.537500e-02,2.049800e-02,1.000000e-09,15,2,true
3,sine,W-SOR,w_sor,w,sor,1.35,mg_sor,cuda,double,127,6,8.680113e-11,1.774870e-05,5.020092e-05,1.798200e+01,2.343700e+01,1.798200e-02,2.343700e-02,1.000000e-09,15,2,true
3,sine,W-SOR,w_sor,w,sor,1.40,mg_sor,cuda,double,127,7,2.951559e-11,1.774870e-05,5.020092e-05,1.956000e+01,2.254000e+01,1.956000e-02,2.254000e-02,1.000000e-09,15,2,true
3,sine,W-SOR,w_sor,w,sor,1.45,mg_sor,cuda,double,127,7,5.186715e-10,1.774870e-05,5.020092e-05,1.969300e+01,2.265000e+01,1.969300e-02,2.265000e-02,1.000000e-09,15,2,true
3,sine,W-SOR,w_sor,w,sor,1.50,mg_sor,cuda,double,127,8,6.292763e-10,1.774870e-05,5.020092e-05,2.326700e+01,2.770700e+01,2.326700e-02,2.770700e-02,1.000000e-09,15,2,true
3,mixed_sine,V-exact,v_exact,v,exact,1.00,mg_exact,cuda,double,127,10,4.966089e-10,2.161099e-04,6.112511e-04,1.939400e+01,2.193700e+01,1.939400e-02,2.193700e-02,1.000000e-09,15,2,true
3,mixed_sine,V-exact,v_exact,v,exact,1.05,mg_exact,cuda,double,127,10,1.032581e-10,2.161100e-04,6.112513e-04,1.915800e+01,2.183100e+01,1.915800e-02,2.183100e-02,1.000000e-09,15,2,true
3,mixed_sine,V-exact,v_exact,v,exact,1.10,mg_exact,cuda,double,127,9,2.001718e-10,2.161100e-04,6.112513e-04,1.885900e+01,2.267600e+01,1.885900e-02,2.267600e-02,1.000000e-09,15,2,true
3,mixed_sine,V-exact,v_exact,v,exact,1.15,mg_exact,cuda,double,127,8,3.941548e-10,2.161099e-04,6.112512e-04,1.661100e+01,1.881600e+01,1.661100e-02,1.881600e-02,1.000000e-09,15,2,true
3,mixed_sine,V-exact,v_exact,v,exact,1.20,mg_exact,cuda,double,127,7,7.295464e-10,2.161099e-04,6.112511e-04,1.572200e+01,2.157600e+01,1.572200e-02,2.157600e-02,1.000000e-09,15,2,true
3,mixed_sine,V-exact,v_exact,v,exact,1.25,mg_exact,cuda,double,127,6,9.183808e-10,2.161099e-04,6.112511e-04,1.406800e+01,1.999100e+01,1.406800e-02,1.999100e-02,1.000000e-09,15,2,true
3,mixed_sine,V-exact,v_exact,v,exact,1.30,mg_exact,cuda,double,127,6,3.295574e-11,2.161100e-04,6.112514e-04,1.344800e+01,1.771200e+01,1.344800e-02,1.771200e-02,1.000000e-09,15,2,true
3,mixed_sine,V-exact,v_exact,v,exact,1.35,mg_exact,cuda,double,127,6,6.156374e-10,2.161100e-04,6.112514e-04,1.441600e+01,1.741600e+01,1.441600e-02,1.741600e-02,1.000000e-09,15,2,true
3,mixed_sine,V-exact,v_exact,v,exact,1.40,mg_exact,cuda,double,127,8,5.072474e-11,2.161100e-04,6.112514e-04,1.681800e+01,2.504100e+01,1.681800e-02,2.504100e-02,1.000000e-09,15,2,true
3,mixed_sine,V-exact,v_exact,v,exact,1.45,mg_exact,cuda,double,127,9,1.371925e-10,2.161100e-04,6.112514e-04,1.846600e+01,2.151600e+01,1.846600e-02,2.151600e-02,1.000000e-09,15,2,true
3,mixed_sine,V-exact,v_exact,v,exact,1.50,mg_exact,cuda,double,127,10,3.187392e-10,2.161100e-04,6.112514e-04,1.928900e+01,2.155900e+01,1.928900e-02,2.155900e-02,1.000000e-09,15,2,true
3,mixed_sine,V-SOR,v_sor,v,sor,1.00,mg_sor,cuda,double,127,10,4.966088e-10,2.161099e-04,6.112511e-04,1.509900e+01,1.905900e+01,1.509900e-02,1.905900e-02,1.000000e-09,15,2,true
3,mixed_sine,V-SOR,v_sor,v,sor,1.05,mg_sor,cuda,double,127,10,1.032582e-10,2.161100e-04,6.112513e-04,1.725500e+01,2.171500e+01,1.725500e-02,2.171500e-02,1.000000e-09,15,2,true
3,mixed_sine,V-SOR,v_sor,v,sor,1.10,mg_sor,cuda,double,127,9,2.001718e-10,2.161100e-04,6.112513e-04,1.373100e+01,2.024700e+01,1.373100e-02,2.024700e-02,1.000000e-09,15,2,true
3,mixed_sine,V-SOR,v_sor,v,sor,1.15,mg_sor,cuda,double,127,8,3.941548e-10,2.161099e-04,6.112512e-04,1.370000e+01,1.658400e+01,1.370000e-02,1.658400e-02,1.000000e-09,15,2,true
3,mixed_sine,V-SOR,v_sor,v,sor,1.20,mg_sor,cuda,double,127,7,7.295464e-10,2.161099e-04,6.112511e-04,1.385200e+01,1.690000e+01,1.385200e-02,1.690000e-02,1.000000e-09,15,2,true
3,mixed_sine,V-SOR,v_sor,v,sor,1.25,mg_sor,cuda,double,127,6,9.183808e-10,2.161099e-04,6.112511e-04,1.214400e+01,1.681700e+01,1.214400e-02,1.681700e-02,1.000000e-09,15,2,true
3,mixed_sine,V-SOR,v_sor,v,sor,1.30,mg_sor,cuda,double,127,6,3.295574e-11,2.161100e-04,6.112514e-04,1.167400e+01,1.965300e+01,1.167400e-02,1.965300e-02,1.000000e-09,15,2,true
3,mixed_sine,V-SOR,v_sor,v,sor,1.35,mg_sor,cuda,double,127,6,6.156374e-10,2.161100e-04,6.112514e-04,1.095500e+01,1.669900e+01,1.095500e-02,1.669900e-02,1.000000e-09,15,2,true
3,mixed_sine,V-SOR,v_sor,v,sor,1.40,mg_sor,cuda,double,127,8,5.072464e-11,2.161100e-04,6.112514e-04,1.426900e+01,1.952000e+01,1.426900e-02,1.952000e-02,1.000000e-09,15,2,true
3,mixed_sine,V-SOR,v_sor,v,sor,1.45,mg_sor,cuda,double,127,9,1.371925e-10,2.161100e-04,6.112514e-04,1.401100e+01,1.645500e+01,1.401100e-02,1.645500e-02,1.000000e-09,15,2,true
3,mixed_sine,V-SOR,v_sor,v,sor,1.50,mg_sor,cuda,double,127,10,3.187390e-10,2.161100e-04,6.112514e-04,1.571300e+01,1.791100e+01,1.571300e-02,1.791100e-02,1.000000e-09,15,2,true
3,mixed_sine,W-exact,w_exact,w,exact,1.00,mg_exact,cuda,double,127,5,1.442809e-10,2.161100e-04,6.112514e-04,8.119300e+01,8.453600e+01,8.119300e-02,8.453600e-02,1.000000e-09,15,2,true
3,mixed_sine,W-exact,w_exact,w,exact,1.05,mg_exact,cuda,double,127,5,7.606249e-12,2.161100e-04,6.112514e-04,8.137000e+01,9.202000e+01,8.137000e-02,9.202000e-02,1.000000e-09,15,2,true
3,mixed_sine,W-exact,w_exact,w,exact,1.10,mg_exact,cuda,double,127,5,1.135909e-11,2.161100e-04,6.112514e-04,7.665600e+01,8.111900e+01,7.665600e-02,8.111900e-02,1.000000e-09,15,2,true
3,mixed_sine,W-exact,w_exact,w,exact,1.15,mg_exact,cuda,double,127,5,1.343624e-11,2.161100e-04,6.112514e-04,7.260100e+01,7.628400e+01,7.260100e-02,7.628400e-02,1.000000e-09,15,2,true
3,mixed_sine,W-exact,w_exact,w,exact,1.20,mg_exact,cuda,double,127,5,5.479100e-12,2.161100e-04,6.112514e-04,7.398600e+01,7.712300e+01,7.398600e-02,7.712300e-02,1.000000e-09,15,2,true
3,mixed_sine,W-exact,w_exact,w,exact,1.25,mg_exact,cuda,double,127,5,4.877026e-12,2.161100e-04,6.112514e-04,7.468100e+01,8.425600e+01,7.468100e-02,8.425600e-02,1.000000e-09,15,2,true
3,mixed_sine,W-exact,w_exact,w,exact,1.30,mg_exact,cuda,double,127,5,2.095032e-10,2.161100e-04,6.112514e-04,7.843600e+01,8.633900e+01,7.843600e-02,8.633900e-02,1.000000e-09,15,2,true
3,mixed_sine,W-exact,w_exact,w,exact,1.35,mg_exact,cuda,double,127,6,5.358246e-11,2.161100e-04,6.112514e-04,8.836300e+01,9.443700e+01,8.836300e-02,9.443700e-02,1.000000e-09,15,2,true
3,mixed_sine,W-exact,w_exact,w,exact,1.40,mg_exact,cuda,double,127,6,9.826675e-10,2.161100e-04,6.112514e-04,8.848400e+01,9.211800e+01,8.848400e-02,9.211800e-02,1.000000e-09,15,2,true
3,mixed_sine,W-exact,w_exact,w,exact,1.45,mg_exact,cuda,double,127,7,5.286043e-10,2.161100e-04,6.112514e-04,1.020520e+02,1.050570e+02,1.020520e-01,1.050570e-01,1.000000e-09,15,2,true
3,mixed_sine,W-exact,w_exact,w,exact,1.50,mg_exact,cuda,double,127,8,7.305440e-10,2.161100e-04,6.112514e-04,1.173430e+02,1.203850e+02,1.173430e-01,1.203850e-01,1.000000e-09,15,2,true
3,mixed_sine,W-SOR,w_sor,w,sor,1.00,mg_sor,cuda,double,127,5,1.442809e-10,2.161100e-04,6.112514e-04,1.601600e+01,2.025800e+01,1.601600e-02,2.025800e-02,1.000000e-09,15,2,true
3,mixed_sine,W-SOR,w_sor,w,sor,1.05,mg_sor,cuda,double,127,5,7.606249e-12,2.161100e-04,6.112514e-04,1.470000e+01,1.769500e+01,1.470000e-02,1.769500e-02,1.000000e-09,15,2,true
3,mixed_sine,W-SOR,w_sor,w,sor,1.10,mg_sor,cuda,double,127,5,1.135909e-11,2.161100e-04,6.112514e-04,1.427600e+01,1.965300e+01,1.427600e-02,1.965300e-02,1.000000e-09,15,2,true
3,mixed_sine,W-SOR,w_sor,w,sor,1.15,mg_sor,cuda,double,127,5,1.343624e-11,2.161100e-04,6.112514e-04,1.656300e+01,2.162700e+01,1.656300e-02,2.162700e-02,1.000000e-09,15,2,true
3,mixed_sine,W-SOR,w_sor,w,sor,1.20,mg_sor,cuda,double,127,5,5.479100e-12,2.161100e-04,6.112514e-04,1.610200e+01,2.406400e+01,1.610200e-02,2.406400e-02,1.000000e-09,15,2,true
3,mixed_sine,W-SOR,w_sor,w,sor,1.25,mg_sor,cuda,double,127,5,4.877026e-12,2.161100e-04,6.112514e-04,1.544800e+01,1.833900e+01,1.544800e-02,1.833900e-02,1.000000e-09,15,2,true
3,mixed_sine,W-SOR,w_sor,w,sor,1.30,mg_sor,cuda,double,127,5,2.095032e-10,2.161100e-04,6.112514e-04,1.537600e+01,2.244000e+01,1.537600e-02,2.244000e-02,1.000000e-09,15,2,true
3,mixed_sine,W-SOR,w_sor,w,sor,1.35,mg_sor,cuda,double,127,6,5.358246e-11,2.161100e-04,6.112514e-04,1.701600e+01,2.067600e+01,1.701600e-02,2.067600e-02,1.000000e-09,15,2,true
3,mixed_sine,W-SOR,w_sor,w,sor,1.40,mg_sor,cuda,double,127,6,9.826675e-10,2.161100e-04,6.112514e-04,1.837600e+01,2.351800e+01,1.837600e-02,2.351800e-02,1.000000e-09,15,2,true
3,mixed_sine,W-SOR,w_sor,w,sor,1.45,mg_sor,cuda,double,127,7,5.286043e-10,2.161100e-04,6.112514e-04,1.932000e+01,2.302300e+01,1.932000e-02,2.302300e-02,1.000000e-09,15,2,true
3,mixed_sine,W-SOR,w_sor,w,sor,1.50,mg_sor,cuda,double,127,8,7.305440e-10,2.161100e-04,6.112514e-04,2.169000e+01,2.588900e+01,2.169000e-02,2.588900e-02,1.000000e-09,15,2,true
3,bubble,V-exact,v_exact,v,exact,1.00,mg_exact,cuda,double,127,10,2.134032e-10,9.447536e-13,2.579680e-12,2.206800e+01,2.899200e+01,2.206800e-02,2.899200e-02,1.000000e-09,15,2,true
3,bubble,V-exact,v_exact,v,exact,1.05,mg_exact,cuda,double,127,9,7.655327e-10,3.261787e-12,9.081473e-12,1.803500e+01,2.026700e+01,1.803500e-02,2.026700e-02,1.000000e-09,15,2,true
3,bubble,V-exact,v_exact,v,exact,1.10,mg_exact,cuda,double,127,9,2.303388e-10,9.207736e-13,2.595868e-12,1.849400e+01,2.147400e+01,1.849400e-02,2.147400e-02,1.000000e-09,15,2,true
3,bubble,V-exact,v_exact,v,exact,1.15,mg_exact,cuda,double,127,8,7.314321e-10,2.648603e-12,7.497652e-12,1.724100e+01,1.993600e+01,1.724100e-02,1.993600e-02,1.000000e-09,15,2,true
3,bubble,V-exact,v_exact,v,exact,1.20,mg_exact,cuda,double,127,8,1.157308e-10,3.560841e-13,1.010129e-12,1.615900e+01,2.437200e+01,1.615900e-02,2.437200e-02,1.000000e-09,15,2,true
3,bubble,V-exact,v_exact,v,exact,1.25,mg_exact,cuda,double,127,7,2.003661e-10,4.570741e-13,1.294827e-12,1.461900e+01,2.091900e+01,1.461900e-02,2.091900e-02,1.000000e-09,15,2,true
3,bubble,V-exact,v_exact,v,exact,1.30,mg_exact,cuda,double,127,6,2.391464e-10,1.357434e-13,3.888435e-13,1.750600e+01,2.144600e+01,1.750600e-02,2.144600e-02,1.000000e-09,15,2,true
3,bubble,V-exact,v_exact,v,exact,1.35,mg_exact,cuda,double,127,7,1.768440e-10,8.078026e-15,2.342397e-14,1.559200e+01,1.875900e+01,1.559200e-02,1.875900e-02,1.000000e-09,15,2,true
3,bubble,V-exact,v_exact,v,exact,1.40,mg_exact,cuda,double,127,8,1.903152e-10,1.544941e-14,4.049712e-14,1.716100e+01,1.986300e+01,1.716100e-02,1.986300e-02,1.000000e-09,15,2,true
3,bubble,V-exact,v_exact,v,exact,1.45,mg_exact,cuda,double,127,9,2.537534e-10,5.143117e-14,1.097247e-13,1.910600e+01,2.183300e+01,1.910600e-02,2.183300e-02,1.000000e-09,15,2,true
3,bubble,V-exact,v_exact,v,exact,1.50,mg_exact,cuda,double,127,10,4.600512e-10,2.389375e-13,5.644513e-13,1.950900e+01,2.167200e+01,1.950900e-02,2.167200e-02,1.000000e-09,15,2,true
3,bubble,V-SOR,v_sor,v,sor,1.00,mg_sor,cuda,double,127,10,2.135415e-10,9.453700e-13,2.581442e-12,1.591200e+01,1.855800e+01,1.591200e-02,1.855800e-02,1.000000e-09,15,2,true
3,bubble,V-SOR,v_sor,v,sor,1.05,mg_sor,cuda,double,127,9,7.656115e-10,3.262122e-12,9.082417e-12,1.455400e+01,1.979400e+01,1.455400e-02,1.979400e-02,1.000000e-09,15,2,true
3,bubble,V-SOR,v_sor,v,sor,1.10,mg_sor,cuda,double,127,9,2.303406e-10,9.207770e-13,2.595866e-12,1.481500e+01,2.610600e+01,1.481500e-02,2.610600e-02,1.000000e-09,15,2,true
3,bubble,V-SOR,v_sor,v,sor,1.15,mg_sor,cuda,double,127,8,7.314321e-10,2.648604e-12,7.497685e-12,1.395800e+01,2.063800e+01,1.395800e-02,2.063800e-02,1.000000e-09,15,2,true
3,bubble,V-SOR,v_sor,v,sor,1.20,mg_sor,cuda,double,127,8,1.157310e-10,3.560869e-13,1.010129e-12,1.306700e+01,1.792600e+01,1.306700e-02,1.792600e-02,1.000000e-09,15,2,true
3,bubble,V-SOR,v_sor,v,sor,1.25,mg_sor,cuda,double,127,7,2.003644e-10,4.570791e-13,1.294827e-12,1.390200e+01,1.726700e+01,1.390200e-02,1.726700e-02,1.000000e-09,15,2,true
3,bubble,V-SOR,v_sor,v,sor,1.30,mg_sor,cuda,double,127,6,2.391465e-10,1.357478e-13,3.888730e-13,1.139900e+01,1.364400e+01,1.139900e-02,1.364400e-02,1.000000e-09,15,2,true
3,bubble,V-SOR,v_sor,v,sor,1.35,mg_sor,cuda,double,127,7,1.768442e-10,8.078942e-15,2.342571e-14,1.327500e+01,1.558000e+01,1.327500e-02,1.558000e-02,1.000000e-09,15,2,true
3,bubble,V-SOR,v_sor,v,sor,1.40,mg_sor,cuda,double,127,8,1.903147e-10,1.544941e-14,4.050059e-14,1.401800e+01,2.621600e+01,1.401800e-02,2.621600e-02,1.000000e-09,15,2,true
3,bubble,V-SOR,v_sor,v,sor,1.45,mg_sor,cuda,double,127,9,2.537542e-10,5.143647e-14,1.097178e-13,1.415000e+01,1.838100e+01,1.415000e-02,1.838100e-02,1.000000e-09,15,2,true
3,bubble,V-SOR,v_sor,v,sor,1.50,mg_sor,cuda,double,127,10,4.600711e-10,2.389757e-13,5.645675e-13,1.452900e+01,1.880100e+01,1.452900e-02,1.880100e-02,1.000000e-09,15,2,true
3,bubble,W-exact,w_exact,w,exact,1.00,mg_exact,cuda,double,127,7,4.720316e-11,4.845171e-16,2.619595e-15,1.139320e+02,1.179090e+02,1.139320e-01,1.179090e-01,1.000000e-09,15,2,true
3,bubble,W-exact,w_exact,w,exact,1.05,mg_exact,cuda,double,127,6,1.524786e-10,2.080945e-15,9.907982e-15,8.918700e+01,9.520400e+01,8.918700e-02,9.520400e-02,1.000000e-09,15,2,true
3,bubble,W-exact,w_exact,w,exact,1.10,mg_exact,cuda,double,127,5,9.207506e-10,1.626134e-14,8.020722e-14,7.385900e+01,7.657200e+01,7.385900e-02,7.657200e-02,1.000000e-09,15,2,true
3,bubble,W-exact,w_exact,w,exact,1.15,mg_exact,cuda,double,127,5,2.503849e-10,3.398990e-15,1.723686e-14,7.416800e+01,7.719000e+01,7.416800e-02,7.719000e-02,1.000000e-09,15,2,true
3,bubble,W-exact,w_exact,w,exact,1.20,mg_exact,cuda,double,127,5,3.442836e-11,2.161948e-16,1.186334e-15,7.678900e+01,8.568800e+01,7.678900e-02,8.568800e-02,1.000000e-09,15,2,true
3,bubble,W-exact,w_exact,w,exact,1.25,mg_exact,cuda,double,127,5,1.429684e-10,8.444832e-16,4.614364e-15,7.411600e+01,7.819900e+01,7.411600e-02,7.819900e-02,1.000000e-09,15,2,true
3,bubble,W-exact,w_exact,w,exact,1.30,mg_exact,cuda,double,127,6,4.341321e-11,2.787567e-16,1.333081e-15,8.669000e+01,9.027700e+01,8.669000e-02,9.027700e-02,1.000000e-09,15,2,true
3,bubble,W-exact,w_exact,w,exact,1.35,mg_exact,cuda,double,127,6,4.032523e-10,2.822292e-15,1.167707e-14,8.873600e+01,9.926500e+01,8.873600e-02,9.926500e-02,1.000000e-09,15,2,true
3,bubble,W-exact,w_exact,w,exact,1.40,mg_exact,cuda,double,127,7,1.380979e-10,1.016932e-15,3.987045e-15,1.017900e+02,1.046030e+02,1.017900e-01,1.046030e-01,1.000000e-09,15,2,true
3,bubble,W-exact,w_exact,w,exact,1.45,mg_exact,cuda,double,127,8,7.310070e-11,5.430577e-16,1.994932e-15,1.163740e+02,1.213230e+02,1.163740e-01,1.213230e-01,1.000000e-09,15,2,true
3,bubble,W-exact,w_exact,w,exact,1.50,mg_exact,cuda,double,127,8,9.212780e-10,5.033630e-15,2.129893e-14,1.166310e+02,1.213430e+02,1.166310e-01,1.213430e-01,1.000000e-09,15,2,true
3,bubble,W-SOR,w_sor,w,sor,1.00,mg_sor,cuda,double,127,7,4.720313e-11,4.848602e-16,2.619161e-15,1.824900e+01,2.505800e+01,1.824900e-02,2.505800e-02,1.000000e-09,15,2,true
3,bubble,W-SOR,w_sor,w,sor,1.05,mg_sor,cuda,double,127,6,1.524787e-10,2.080924e-15,9.907439e-15,1.651000e+01,2.361600e+01,1.651000e-02,2.361600e-02,1.000000e-09,15,2,true
3,bubble,W-SOR,w_sor,w,sor,1.10,mg_sor,cuda,double,127,5,9.207506e-10,1.626134e-14,8.020678e-14,1.423400e+01,1.743500e+01,1.423400e-02,1.743500e-02,1.000000e-09,15,2,true
3,bubble,W-SOR,w_sor,w,sor,1.15,mg_sor,cuda,double,127,5,2.503852e-10,3.398772e-15,1.723914e-14,1.540000e+01,1.798300e+01,1.540000e-02,1.798300e-02,1.000000e-09,15,2,true
3,bubble,W-SOR,w_sor,w,sor,1.20,mg_sor,cuda,double,127,5,3.442855e-11,2.161329e-16,1.185575e-15,1.446300e+01,2.255200e+01,1.446300e-02,2.255200e-02,1.000000e-09,15,2,true
3,bubble,W-SOR,w_sor,w,sor,1.25,mg_sor,cuda,double,127,5,1.429687e-10,8.446371e-16,4.614473e-15,1.429300e+01,2.488900e+01,1.429300e-02,2.488900e-02,1.000000e-09,15,2,true
3,bubble,W-SOR,w_sor,w,sor,1.30,mg_sor,cuda,double,127,6,4.341366e-11,2.766782e-16,1.335412e-15,1.837400e+01,2.221600e+01,1.837400e-02,2.221600e-02,1.000000e-09,15,2,true
3,bubble,W-SOR,w_sor,w,sor,1.35,mg_sor,cuda,double,127,6,4.032526e-10,2.822666e-15,1.167642e-14,1.864400e+01,2.324000e+01,1.864400e-02,2.324000e-02,1.000000e-09,15,2,true
3,bubble,W-SOR,w_sor,w,sor,1.40,mg_sor,cuda,double,127,7,1.380967e-10,1.020744e-15,3.985310e-15,1.991300e+01,2.785600e+01,1.991300e-02,2.785600e-02,1.000000e-09,15,2,true
3,bubble,W-SOR,w_sor,w,sor,1.45,mg_sor,cuda,double,127,8,7.310143e-11,5.395216e-16,1.997968e-15,2.149200e+01,2.668900e+01,2.149200e-02,2.668900e-02,1.000000e-09,15,2,true
3,bubble,W-SOR,w_sor,w,sor,1.50,mg_sor,cuda,double,127,8,9.212783e-10,5.032663e-15,2.129200e-14,2.207900e+01,2.757000e+01,2.207900e-02,2.757000e-02,1.000000e-09,15,2,true
3,exp,V-exact,v_exact,v,exact,1.00,mg_exact,cuda,double,127,12,1.534467e-10,1.884484e-06,4.458473e-06,2.336000e+01,2.670400e+01,2.336000e-02,2.670400e-02,1.000000e-09,15,2,true
3,exp,V-exact,v_exact,v,exact,1.05,mg_exact,cuda,double,127,11,2.360408e-10,1.884474e-06,4.458439e-06,2.079100e+01,2.849100e+01,2.079100e-02,2.849100e-02,1.000000e-09,15,2,true
3,exp,V-exact,v_exact,v,exact,1.10,mg_exact,cuda,double,127,10,3.958742e-10,1.884447e-06,4.458362e-06,2.127000e+01,2.538300e+01,2.127000e-02,2.538300e-02,1.000000e-09,15,2,true
3,exp,V-exact,v_exact,v,exact,1.15,mg_exact,cuda,double,127,9,6.846398e-10,1.884389e-06,4.458204e-06,1.833100e+01,2.553100e+01,1.833100e-02,2.553100e-02,1.000000e-09,15,2,true
3,exp,V-exact,v_exact,v,exact,1.20,mg_exact,cuda,double,127,9,5.279678e-11,1.884481e-06,4.458473e-06,1.821600e+01,2.099100e+01,1.821600e-02,2.099100e-02,1.000000e-09,15,2,true
3,exp,V-exact,v_exact,v,exact,1.25,mg_exact,cuda,double,127,8,5.055502e-11,1.884483e-06,4.458478e-06,1.616500e+01,1.859800e+01,1.616500e-02,1.859800e-02,1.000000e-09,15,2,true
3,exp,V-exact,v_exact,v,exact,1.30,mg_exact,cuda,double,127,8,5.620979e-10,1.884492e-06,4.458501e-06,1.628600e+01,1.881500e+01,1.628600e-02,1.881500e-02,1.000000e-09,15,2,true
3,exp,V-exact,v_exact,v,exact,1.35,mg_exact,cuda,double,127,9,3.530462e-10,1.884492e-06,4.458501e-06,1.835000e+01,2.244000e+01,1.835000e-02,2.244000e-02,1.000000e-09,15,2,true
3,exp,V-exact,v_exact,v,exact,1.40,mg_exact,cuda,double,127,10,3.246933e-10,1.884491e-06,4.458502e-06,2.078900e+01,2.445200e+01,2.078900e-02,2.445200e-02,1.000000e-09,15,2,true
3,exp,V-exact,v_exact,v,exact,1.45,mg_exact,cuda,double,127,11,5.412530e-10,1.884492e-06,4.458497e-06,2.109700e+01,2.511200e+01,2.109700e-02,2.511200e-02,1.000000e-09,15,2,true
3,exp,V-exact,v_exact,v,exact,1.50,mg_exact,cuda,double,127,13,1.467180e-10,1.884492e-06,4.458499e-06,2.386600e+01,3.194000e+01,2.386600e-02,3.194000e-02,1.000000e-09,15,2,true
3,exp,V-SOR,v_sor,v,sor,1.00,mg_sor,cuda,double,127,12,1.534078e-10,1.884484e-06,4.458473e-06,1.728400e+01,2.551000e+01,1.728400e-02,2.551000e-02,1.000000e-09,15,2,true
3,exp,V-SOR,v_sor,v,sor,1.05,mg_sor,cuda,double,127,11,2.360424e-10,1.884474e-06,4.458439e-06,1.572500e+01,1.887100e+01,1.572500e-02,1.887100e-02,1.000000e-09,15,2,true
3,exp,V-SOR,v_sor,v,sor,1.10,mg_sor,cuda,double,127,10,3.958816e-10,1.884447e-06,4.458362e-06,1.581200e+01,1.796300e+01,1.581200e-02,1.796300e-02,1.000000e-09,15,2,true
3,exp,V-SOR,v_sor,v,sor,1.15,mg_sor,cuda,double,127,9,6.846256e-10,1.884389e-06,4.458204e-06,1.472400e+01,1.900900e+01,1.472400e-02,1.900900e-02,1.000000e-09,15,2,true
3,exp,V-SOR,v_sor,v,sor,1.20,mg_sor,cuda,double,127,9,5.279625e-11,1.884481e-06,4.458473e-06,1.498500e+01,1.910100e+01,1.498500e-02,1.910100e-02,1.000000e-09,15,2,true
3,exp,V-SOR,v_sor,v,sor,1.25,mg_sor,cuda,double,127,8,5.054785e-11,1.884483e-06,4.458478e-06,1.358600e+01,2.026500e+01,1.358600e-02,2.026500e-02,1.000000e-09,15,2,true
3,exp,V-SOR,v_sor,v,sor,1.30,mg_sor,cuda,double,127,8,5.621048e-10,1.884492e-06,4.458501e-06,1.386500e+01,1.796200e+01,1.386500e-02,1.796200e-02,1.000000e-09,15,2,true
3,exp,V-SOR,v_sor,v,sor,1.35,mg_sor,cuda,double,127,9,3.530400e-10,1.884492e-06,4.458501e-06,1.551400e+01,2.106100e+01,1.551400e-02,2.106100e-02,1.000000e-09,15,2,true
3,exp,V-SOR,v_sor,v,sor,1.40,mg_sor,cuda,double,127,10,3.246933e-10,1.884492e-06,4.458502e-06,1.500700e+01,2.065200e+01,1.500700e-02,2.065200e-02,1.000000e-09,15,2,true
3,exp,V-SOR,v_sor,v,sor,1.45,mg_sor,cuda,double,127,11,5.412399e-10,1.884492e-06,4.458497e-06,1.663300e+01,2.185700e+01,1.663300e-02,2.185700e-02,1.000000e-09,15,2,true
3,exp,V-SOR,v_sor,v,sor,1.50,mg_sor,cuda,double,127,13,1.467236e-10,1.884492e-06,4.458499e-06,1.805200e+01,2.297700e+01,1.805200e-02,2.297700e-02,1.000000e-09,15,2,true
3,exp,W-exact,w_exact,w,exact,1.00,mg_exact,cuda,double,127,10,3.636536e-10,1.884492e-06,4.458501e-06,1.585220e+02,1.664040e+02,1.585220e-01,1.664040e-01,1.000000e-09,15,2,true
3,exp,W-exact,w_exact,w,exact,1.05,mg_exact,cuda,double,127,10,5.863545e-11,1.884492e-06,4.458501e-06,1.432310e+02,1.474230e+02,1.432310e-01,1.474230e-01,1.000000e-09,15,2,true
3,exp,W-exact,w_exact,w,exact,1.10,mg_exact,cuda,double,127,9,1.593654e-10,1.884492e-06,4.458501e-06,1.304530e+02,1.335160e+02,1.304530e-01,1.335160e-01,1.000000e-09,15,2,true
3,exp,W-exact,w_exact,w,exact,1.15,mg_exact,cuda,double,127,8,4.637267e-10,1.884492e-06,4.458501e-06,1.156100e+02,1.187870e+02,1.156100e-01,1.187870e-01,1.000000e-09,15,2,true
3,exp,W-exact,w_exact,w,exact,1.20,mg_exact,cuda,double,127,8,3.271545e-11,1.884492e-06,4.458501e-06,1.157280e+02,1.199420e+02,1.157280e-01,1.199420e-01,1.000000e-09,15,2,true
3,exp,W-exact,w_exact,w,exact,1.25,mg_exact,cuda,double,127,7,5.770087e-10,1.884492e-06,4.458501e-06,1.016860e+02,1.047060e+02,1.016860e-01,1.047060e-01,1.000000e-09,15,2,true
3,exp,W-exact,w_exact,w,exact,1.30,mg_exact,cuda,double,127,8,4.017468e-10,1.884492e-06,4.458501e-06,1.156990e+02,1.222880e+02,1.156990e-01,1.222880e-01,1.000000e-09,15,2,true
3,exp,W-exact,w_exact,w,exact,1.35,mg_exact,cuda,double,127,9,2.615347e-10,1.884492e-06,4.458501e-06,1.345550e+02,1.382460e+02,1.345550e-01,1.382460e-01,1.000000e-09,15,2,true
3,exp,W-exact,w_exact,w,exact,1.40,mg_exact,cuda,double,127,10,2.092510e-10,1.884492e-06,4.458501e-06,1.436280e+02,1.494160e+02,1.436280e-01,1.494160e-01,1.000000e-09,15,2,true
3,exp,W-exact,w_exact,w,exact,1.45,mg_exact,cuda,double,127,11,2.351825e-10,1.884492e-06,4.458501e-06,1.588570e+02,1.669300e+02,1.588570e-01,1.669300e-01,1.000000e-09,15,2,true
3,exp,W-exact,w_exact,w,exact,1.50,mg_exact,cuda,double,127,12,3.984013e-10,1.884492e-06,4.458501e-06,1.717000e+02,1.779660e+02,1.717000e-01,1.779660e-01,1.000000e-09,15,2,true
3,exp,W-SOR,w_sor,w,sor,1.00,mg_sor,cuda,double,127,10,3.636530e-10,1.884492e-06,4.458501e-06,2.418200e+01,2.928100e+01,2.418200e-02,2.928100e-02,1.000000e-09,15,2,true
3,exp,W-SOR,w_sor,w,sor,1.05,mg_sor,cuda,double,127,10,5.863036e-11,1.884492e-06,4.458501e-06,2.328100e+01,2.682500e+01,2.328100e-02,2.682500e-02,1.000000e-09,15,2,true
3,exp,W-SOR,w_sor,w,sor,1.10,mg_sor,cuda,double,127,9,1.593573e-10,1.884492e-06,4.458501e-06,2.270300e+01,2.570800e+01,2.270300e-02,2.570800e-02,1.000000e-09,15,2,true
3,exp,W-SOR,w_sor,w,sor,1.15,mg_sor,cuda,double,127,8,4.637264e-10,1.884492e-06,4.458501e-06,2.309800e+01,2.909800e+01,2.309800e-02,2.909800e-02,1.000000e-09,15,2,true
3,exp,W-SOR,w_sor,w,sor,1.20,mg_sor,cuda,double,127,8,3.271696e-11,1.884492e-06,4.458501e-06,2.203000e+01,2.906400e+01,2.203000e-02,2.906400e-02,1.000000e-09,15,2,true
3,exp,W-SOR,w_sor,w,sor,1.25,mg_sor,cuda,double,127,7,5.770024e-10,1.884492e-06,4.458501e-06,1.954100e+01,2.939400e+01,1.954100e-02,2.939400e-02,1.000000e-09,15,2,true
3,exp,W-SOR,w_sor,w,sor,1.30,mg_sor,cuda,double,127,8,4.017503e-10,1.884492e-06,4.458501e-06,2.158200e+01,2.760000e+01,2.158200e-02,2.760000e-02,1.000000e-09,15,2,true
3,exp,W-SOR,w_sor,w,sor,1.35,mg_sor,cuda,double,127,9,2.615431e-10,1.884492e-06,4.458501e-06,2.371400e+01,2.684100e+01,2.371400e-02,2.684100e-02,1.000000e-09,15,2,true
3,exp,W-SOR,w_sor,w,sor,1.40,mg_sor,cuda,double,127,10,2.092406e-10,1.884492e-06,4.458501e-06,2.616100e+01,2.923600e+01,2.616100e-02,2.923600e-02,1.000000e-09,15,2,true
3,exp,W-SOR,w_sor,w,sor,1.45,mg_sor,cuda,double,127,11,2.351857e-10,1.884492e-06,4.458501e-06,2.711700e+01,3.005600e+01,2.711700e-02,3.005600e-02,1.000000e-09,15,2,true
3,exp,W-SOR,w_sor,w,sor,1.50,mg_sor,cuda,double,127,12,3.984191e-10,1.884492e-06,4.458501e-06,2.949600e+01,3.399500e+01,2.949600e-02,3.399500e-02,1.000000e-09,15,2,true
3,cosine,V-exact,v_exact,v,exact,1.00,mg_exact,cuda,double,127,11,3.535290e-10,2.912963e-06,7.950986e-06,2.103700e+01,3.150300e+01,2.103700e-02,3.150300e-02,1.000000e-09,15,2,true
3,cosine,V-exact,v_exact,v,exact,1.05,mg_exact,cuda,double,127,10,6.464562e-10,2.912953e-06,7.950953e-06,1.998800e+01,2.452600e+01,1.998800e-02,2.452600e-02,1.000000e-09,15,2,true
3,cosine,V-exact,v_exact,v,exact,1.10,mg_exact,cuda,double,127,10,1.028297e-10,2.912972e-06,7.951016e-06,1.961600e+01,2.158100e+01,1.961600e-02,2.158100e-02,1.000000e-09,15,2,true
3,cosine,V-exact,v_exact,v,exact,1.15,mg_exact,cuda,double,127,9,1.773999e-10,2.912970e-06,7.951009e-06,1.739600e+01,2.089300e+01,1.739600e-02,2.089300e-02,1.000000e-09,15,2,true
3,cosine,V-exact,v_exact,v,exact,1.20,mg_exact,cuda,double,127,8,2.861727e-10,2.912967e-06,7.951002e-06,1.617800e+01,2.261900e+01,1.617800e-02,2.261900e-02,1.000000e-09,15,2,true
3,cosine,V-exact,v_exact,v,exact,1.25,mg_exact,cuda,double,127,7,3.554742e-10,2.912967e-06,7.951005e-06,1.558400e+01,2.041700e+01,1.558400e-02,2.041700e-02,1.000000e-09,15,2,true
3,cosine,V-exact,v_exact,v,exact,1.30,mg_exact,cuda,double,127,8,5.639207e-11,2.912976e-06,7.951028e-06,1.655400e+01,2.877900e+01,1.655400e-02,2.877900e-02,1.000000e-09,15,2,true
3,cosine,V-exact,v_exact,v,exact,1.35,mg_exact,cuda,double,127,8,9.115733e-10,2.912976e-06,7.951028e-06,1.773900e+01,2.149500e+01,1.773900e-02,2.149500e-02,1.000000e-09,15,2,true
3,cosine,V-exact,v_exact,v,exact,1.40,mg_exact,cuda,double,127,9,5.194074e-10,2.912976e-06,7.951027e-06,1.819800e+01,2.339900e+01,1.819800e-02,2.339900e-02,1.000000e-09,15,2,true
3,cosine,V-exact,v_exact,v,exact,1.45,mg_exact,cuda,double,127,10,5.213393e-10,2.912976e-06,7.951030e-06,1.940200e+01,2.556800e+01,1.940200e-02,2.556800e-02,1.000000e-09,15,2,true
3,cosine,V-exact,v_exact,v,exact,1.50,mg_exact,cuda,double,127,12,1.060279e-10,2.912976e-06,7.951028e-06,2.296000e+01,2.701700e+01,2.296000e-02,2.701700e-02,1.000000e-09,15,2,true
3,cosine,V-SOR,v_sor,v,sor,1.00,mg_sor,cuda,double,127,11,3.535292e-10,2.912963e-06,7.950986e-06,1.549100e+01,1.785100e+01,1.549100e-02,1.785100e-02,1.000000e-09,15,2,true
3,cosine,V-SOR,v_sor,v,sor,1.05,mg_sor,cuda,double,127,10,6.464571e-10,2.912953e-06,7.950953e-06,1.507200e+01,1.848300e+01,1.507200e-02,1.848300e-02,1.000000e-09,15,2,true
3,cosine,V-SOR,v_sor,v,sor,1.10,mg_sor,cuda,double,127,10,1.028275e-10,2.912972e-06,7.951016e-06,1.523000e+01,1.985800e+01,1.523000e-02,1.985800e-02,1.000000e-09,15,2,true
3,cosine,V-SOR,v_sor,v,sor,1.15,mg_sor,cuda,double,127,9,1.773980e-10,2.912970e-06,7.951009e-06,1.378300e+01,1.723700e+01,1.378300e-02,1.723700e-02,1.000000e-09,15,2,true
3,cosine,V-SOR,v_sor,v,sor,1.20,mg_sor,cuda,double,127,8,2.861759e-10,2.912967e-06,7.951002e-06,1.582400e+01,2.102600e+01,1.582400e-02,2.102600e-02,1.000000e-09,15,2,true
3,cosine,V-SOR,v_sor,v,sor,1.25,mg_sor,cuda,double,127,7,3.554733e-10,2.912967e-06,7.951005e-06,1.214800e+01,1.505100e+01,1.214800e-02,1.505100e-02,1.000000e-09,15,2,true
3,cosine,V-SOR,v_sor,v,sor,1.30,mg_sor,cuda,double,127,8,5.638978e-11,2.912976e-06,7.951028e-06,1.343500e+01,1.741600e+01,1.343500e-02,1.741600e-02,1.000000e-09,15,2,true
3,cosine,V-SOR,v_sor,v,sor,1.35,mg_sor,cuda,double,127,8,9.115725e-10,2.912976e-06,7.951028e-06,1.349600e+01,2.094200e+01,1.349600e-02,2.094200e-02,1.000000e-09,15,2,true
3,cosine,V-SOR,v_sor,v,sor,1.40,mg_sor,cuda,double,127,9,5.194074e-10,2.912976e-06,7.951027e-06,1.448700e+01,1.690500e+01,1.448700e-02,1.690500e-02,1.000000e-09,15,2,true
3,cosine,V-SOR,v_sor,v,sor,1.45,mg_sor,cuda,double,127,10,5.213399e-10,2.912976e-06,7.951030e-06,1.699600e+01,2.478800e+01,1.699600e-02,2.478800e-02,1.000000e-09,15,2,true
3,cosine,V-SOR,v_sor,v,sor,1.50,mg_sor,cuda,double,127,12,1.060280e-10,2.912976e-06,7.951028e-06,1.876000e+01,2.334700e+01,1.876000e-02,2.334700e-02,1.000000e-09,15,2,true
3,cosine,W-exact,w_exact,w,exact,1.00,mg_exact,cuda,double,127,9,8.859547e-10,2.912976e-06,7.951028e-06,1.439760e+02,1.509370e+02,1.439760e-01,1.509370e-01,1.000000e-09,15,2,true
3,cosine,W-exact,w_exact,w,exact,1.05,mg_exact,cuda,double,127,9,1.695118e-10,2.912976e-06,7.951028e-06,1.278990e+02,1.341430e+02,1.278990e-01,1.341430e-01,1.000000e-09,15,2,true
3,cosine,W-exact,w_exact,w,exact,1.10,mg_exact,cuda,double,127,8,5.702201e-10,2.912976e-06,7.951028e-06,1.191150e+02,1.223000e+02,1.191150e-01,1.223000e-01,1.000000e-09,15,2,true
3,cosine,W-exact,w_exact,w,exact,1.15,mg_exact,cuda,double,127,8,7.944567e-11,2.912976e-06,7.951028e-06,1.148460e+02,1.180460e+02,1.148460e-01,1.180460e-01,1.000000e-09,15,2,true
3,cosine,W-exact,w_exact,w,exact,1.20,mg_exact,cuda,double,127,7,2.165133e-10,2.912976e-06,7.951028e-06,1.021630e+02,1.054740e+02,1.021630e-01,1.054740e-01,1.000000e-09,15,2,true
3,cosine,W-exact,w_exact,w,exact,1.25,mg_exact,cuda,double,127,7,6.327080e-11,2.912976e-06,7.951028e-06,1.024490e+02,1.084870e+02,1.024490e-01,1.084870e-01,1.000000e-09,15,2,true
3,cosine,W-exact,w_exact,w,exact,1.30,mg_exact,cuda,double,127,8,4.447359e-11,2.912976e-06,7.951028e-06,1.175250e+02,1.217510e+02,1.175250e-01,1.217510e-01,1.000000e-09,15,2,true
3,cosine,W-exact,w_exact,w,exact,1.35,mg_exact,cuda,double,127,8,7.672516e-10,2.912976e-06,7.951028e-06,1.156400e+02,1.187130e+02,1.156400e-01,1.187130e-01,1.000000e-09,15,2,true
3,cosine,W-exact,w_exact,w,exact,1.40,mg_exact,cuda,double,127,9,4.544979e-10,2.912976e-06,7.951028e-06,1.291250e+02,1.333570e+02,1.291250e-01,1.333570e-01,1.000000e-09,15,2,true
3,cosine,W-exact,w_exact,w,exact,1.45,mg_exact,cuda,double,127,10,3.870428e-10,2.912976e-06,7.951028e-06,1.434720e+02,1.468420e+02,1.434720e-01,1.468420e-01,1.000000e-09,15,2,true
3,cosine,W-exact,w_exact,w,exact,1.50,mg_exact,cuda,double,127,11,5.061845e-10,2.912976e-06,7.951027e-06,1.579500e+02,1.643850e+02,1.579500e-01,1.643850e-01,1.000000e-09,15,2,true
3,cosine,W-SOR,w_sor,w,sor,1.00,mg_sor,cuda,double,127,9,8.859558e-10,2.912976e-06,7.951028e-06,2.159100e+01,2.603000e+01,2.159100e-02,2.603000e-02,1.000000e-09,15,2,true
3,cosine,W-SOR,w_sor,w,sor,1.05,mg_sor,cuda,double,127,9,1.695116e-10,2.912976e-06,7.951028e-06,2.147700e+01,3.014500e+01,2.147700e-02,3.014500e-02,1.000000e-09,15,2,true
3,cosine,W-SOR,w_sor,w,sor,1.10,mg_sor,cuda,double,127,8,5.702205e-10,2.912976e-06,7.951028e-06,1.992400e+01,2.321100e+01,1.992400e-02,2.321100e-02,1.000000e-09,15,2,true
3,cosine,W-SOR,w_sor,w,sor,1.15,mg_sor,cuda,double,127,8,7.944491e-11,2.912976e-06,7.951028e-06,2.049300e+01,2.468300e+01,2.049300e-02,2.468300e-02,1.000000e-09,15,2,true
3,cosine,W-SOR,w_sor,w,sor,1.20,mg_sor,cuda,double,127,7,2.165124e-10,2.912976e-06,7.951028e-06,1.967600e+01,2.366400e+01,1.967600e-02,2.366400e-02,1.000000e-09,15,2,true
3,cosine,W-SOR,w_sor,w,sor,1.25,mg_sor,cuda,double,127,7,6.327065e-11,2.912976e-06,7.951028e-06,2.222900e+01,2.638300e+01,2.222900e-02,2.638300e-02,1.000000e-09,15,2,true
3,cosine,W-SOR,w_sor,w,sor,1.30,mg_sor,cuda,double,127,8,4.447450e-11,2.912976e-06,7.951028e-06,2.141100e+01,2.558400e+01,2.141100e-02,2.558400e-02,1.000000e-09,15,2,true
3,cosine,W-SOR,w_sor,w,sor,1.35,mg_sor,cuda,double,127,8,7.672517e-10,2.912976e-06,7.951028e-06,2.102700e+01,2.574800e+01,2.102700e-02,2.574800e-02,1.000000e-09,15,2,true
3,cosine,W-SOR,w_sor,w,sor,1.40,mg_sor,cuda,double,127,9,4.544956e-10,2.912976e-06,7.951028e-06,2.351000e+01,2.713300e+01,2.351000e-02,2.713300e-02,1.000000e-09,15,2,true
3,cosine,W-SOR,w_sor,w,sor,1.45,mg_sor,cuda,double,127,10,3.870433e-10,2.912976e-06,7.951028e-06,2.549100e+01,3.210000e+01,2.549100e-02,3.210000e-02,1.000000e-09,15,2,true
3,cosine,W-SOR,w_sor,w,sor,1.50,mg_sor,cuda,double,127,11,5.061858e-10,2.912976e-06,7.951027e-06,2.734600e+01,3.281300e+01,2.734600e-02,3.281300e-02,1.000000e-09,15,2,true
